{
  "checkpoint_path": "tinker://7c346bd4-ce0b-5b57-b48c-085da8e23132:train:0/sampler_weights/exp_0422_B_ifeval_grpo",
  "state_path": "tinker://7c346bd4-ce0b-5b57-b48c-085da8e23132:train:0/weights/exp_0422_B_ifeval_grpo_state",
  "base_model": "meta-llama/Llama-3.1-8B",
  "rl_type": "ifeval_constraint_multi",
  "min_constraints": 1,
  "max_constraints": 3,
  "strict_bonus": 0.5,
  "final_prompt_strict": 0.375,
  "final_inst_strict": 0.5729166666666666,
  "final_combined_reward": 0.7604166666666666,
  "prompt_strict_history": [
    0.34375,
    0.3125,
    0.25,
    0.28125,
    0.34375,
    0.1875,
    0.25,
    0.46875,
    0.34375,
    0.28125,
    0.40625,
    0.21875,
    0.125,
    0.4375,
    0.5,
    0.40625,
    0.4375,
    0.15625,
    0.5,
    0.3125,
    0.375,
    0.375,
    0.4375,
    0.5625,
    0.34375,
    0.5,
    0.3125,
    0.4375,
    0.03125,
    0.375
  ],
  "inst_strict_history": [
    0.47916666666666663,
    0.6041666666666666,
    0.5104166666666666,
    0.49479166666666663,
    0.5729166666666666,
    0.42187499999999994,
    0.44791666666666663,
    0.59375,
    0.5416666666666666,
    0.546875,
    0.6354166666666667,
    0.46875,
    0.40625,
    0.515625,
    0.6666666666666667,
    0.5625,
    0.578125,
    0.46354166666666663,
    0.703125,
    0.6354166666666666,
    0.5208333333333333,
    0.6302083333333333,
    0.5,
    0.7395833333333334,
    0.5104166666666666,
    0.7239583333333333,
    0.45833333333333326,
    0.6041666666666666,
    0.3958333333333333,
    0.5729166666666666
  ],
  "rewards_history": [
    0.6510416666666666,
    0.7604166666666666,
    0.6354166666666666,
    0.6354166666666666,
    0.7447916666666666,
    0.515625,
    0.5729166666666666,
    0.828125,
    0.7135416666666666,
    0.6874999999999999,
    0.8385416666666667,
    0.578125,
    0.46875,
    0.734375,
    0.9166666666666666,
    0.765625,
    0.796875,
    0.5416666666666666,
    0.953125,
    0.7916666666666666,
    0.7083333333333333,
    0.8177083333333333,
    0.71875,
    1.0208333333333335,
    0.6822916666666667,
    0.9739583333333333,
    0.6145833333333333,
    0.8229166666666666,
    0.4114583333333333,
    0.7604166666666666
  ]
}