{
  "checkpoint_path": "tinker://29587b78-688d-5ce5-a352-109d80d127ea:train:0/sampler_weights/exp_0422_C_ifeval_grpo_g16",
  "state_path": "tinker://29587b78-688d-5ce5-a352-109d80d127ea:train:0/weights/exp_0422_C_ifeval_grpo_g16_state",
  "base_model": "meta-llama/Llama-3.1-8B",
  "rl_type": "ifeval_constraint_multi",
  "min_constraints": 1,
  "max_constraints": 3,
  "strict_bonus": 0.5,
  "final_prompt_strict": 0.3125,
  "final_inst_strict": 0.5130208333333333,
  "final_combined_reward": 0.6692708333333333,
  "prompt_strict_history": [
    0.453125,
    0.390625,
    0.2890625,
    0.296875,
    0.484375,
    0.3125,
    0.2265625,
    0.4296875,
    0.2734375,
    0.21875,
    0.34375,
    0.3984375,
    0.125,
    0.1953125,
    0.3515625,
    0.3125,
    0.265625,
    0.125,
    0.3046875,
    0.3125,
    0.171875,
    0.40625,
    0.4375,
    0.390625,
    0.359375,
    0.546875,
    0.21875,
    0.171875,
    0.0078125,
    0.3125
  ],
  "inst_strict_history": [
    0.5989583333333333,
    0.625,
    0.5065104166666667,
    0.5091145833333333,
    0.6640625,
    0.49479166666666663,
    0.3606770833333333,
    0.6080729166666666,
    0.5234375,
    0.5703125,
    0.6197916666666667,
    0.55078125,
    0.41536458333333337,
    0.4283854166666667,
    0.5403645833333333,
    0.45833333333333326,
    0.5078125,
    0.4661458333333333,
    0.63671875,
    0.6640625,
    0.3294270833333333,
    0.66015625,
    0.5755208333333333,
    0.5859375,
    0.49479166666666663,
    0.7669270833333333,
    0.42317708333333326,
    0.40885416666666663,
    0.44140625,
    0.5130208333333333
  ],
  "rewards_history": [
    0.8255208333333333,
    0.8203125,
    0.6510416666666667,
    0.6575520833333333,
    0.90625,
    0.6510416666666666,
    0.4739583333333333,
    0.8229166666666666,
    0.66015625,
    0.6796875,
    0.7916666666666666,
    0.75,
    0.47786458333333337,
    0.5260416666666666,
    0.7161458333333334,
    0.6145833333333333,
    0.640625,
    0.5286458333333333,
    0.7890625,
    0.8203125,
    0.4153645833333333,
    0.86328125,
    0.7942708333333333,
    0.78125,
    0.6744791666666665,
    1.0403645833333333,
    0.5325520833333333,
    0.49479166666666663,
    0.4453125,
    0.6692708333333333
  ]
}